impression_id,ad_position,ad_size,page_type,time_of_day,device,user_age_group,clicked
1,2.0,Small,Search,Afternoon,Mobile,55+,0
2,2.0,Small,Product,Morning,Tablet,18-24,0
3,1.0,Large,Product,Evening,Desktop,35-44,0
4,2.0,Large,Product,Morning,Mobile,35-44,0
5,2.0,Small,Product,Night,Desktop,25-34,0
6,2.0,Large,Article,Morning,Tablet,35-44,0
7,4.0,Medium,Home,Evening,Tablet,25-34,0
8,2.0,Large,Article,Morning,Desktop,45-54,0
9,,Large,Search,Night,Desktop,45-54,0
10,3.0,Medium,Home,Evening,Mobile,35-44,0
11,1.0,Medium,Product,Evening,Mobile,35-44,0
12,1.0,Medium,Search,Morning,Desktop,25-34,0
13,2.0,Small,Search,Morning,Desktop,55+,0
14,3.0,Medium,Product,Morning,Tablet,35-44,0
15,3.0,Small,Home,Morning,Desktop,55+,0
16,4.0,Large,Search,Afternoon,Tablet,18-24,0
17,3.0,Large,Product,Afternoon,Tablet,35-44,1
18,3.0,Large,Search,Afternoon,Tablet,18-24,0
19,4.0,Medium,Home,Night,Mobile,35-44,0
20,3.0,Large,Article,Evening,Mobile,18-24,0
21,4.0,Small,Home,Night,Mobile,18-24,0
22,2.0,Large,Search,Evening,Mobile,35-44,0
23,2.0,Large,Article,Afternoon,Tablet,25-34,0
24,2.0,Small,Home,Evening,Tablet,18-24,0
25,1.0,Small,Search,Morning,Desktop,35-44,0
26,4.0,Small,Search,Evening,Mobile,45-54,1
27,2.0,Small,Article,Morning,Desktop,45-54,0
28,3.0,Small,Product,Afternoon,Tablet,18-24,0
29,3.0,Large,Article,Morning,Desktop,45-54,0
30,1.0,Medium,Article,Afternoon,Desktop,25-34,0
31,3.0,Medium,Product,Afternoon,Mobile,25-34,0
32,4.0,Medium,Product,Night,Desktop,45-54,0
33,3.0,Small,Article,Evening,Tablet,45-54,0
34,1.0,Large,Product,Morning,Tablet,35-44,0
35,2.0,Small,Product,Afternoon,Desktop,25-34,0
36,4.0,Medium,Home,Night,Desktop,35-44,0
37,2.0,Large,Product,Morning,Mobile,25-34,0
38,3.0,Medium,Home,Afternoon,Mobile,25-34,0
39,1.0,Large,Search,Evening,Mobile,55+,0
40,2.0,Large,Product,Morning,Mobile,25-34,0
41,2.0,Medium,Product,Evening,Desktop,18-24,0
42,4.0,Small,Home,Evening,Mobile,18-24,0
43,2.0,Small,Product,Afternoon,Desktop,18-24,0
44,1.0,Medium,Home,Night,Mobile,45-54,0
45,2.0,Medium,Search,Morning,Mobile,35-44,0
46,1.0,Large,Product,Evening,Desktop,55+,0
47,3.0,Medium,Product,Morning,Tablet,18-24,0
48,1.0,Large,Article,Afternoon,Tablet,45-54,0
49,2.0,Large,Search,Morning,Mobile,35-44,0
50,3.0,Large,Home,Night,Mobile,45-54,0
51,3.0,Large,Product,Afternoon,Tablet,45-54,0
52,1.0,Medium,Product,Afternoon,Desktop,35-44,0
53,4.0,Small,Product,Morning,Tablet,35-44,0
54,1.0,Medium,Product,Afternoon,Mobile,25-34,1
55,2.0,Medium,Search,Afternoon,Desktop,25-34,0
56,1.0,Small,Search,Afternoon,Desktop,18-24,0
57,4.0,Small,Article,Evening,Tablet,18-24,0
58,3.0,Small,Product,Evening,Mobile,25-34,0
59,3.0,Large,Search,Morning,Desktop,35-44,0
60,2.0,Large,Article,Evening,Desktop,45-54,0
61,2.0,Small,Article,Night,Tablet,25-34,0
62,3.0,Large,Search,Afternoon,Mobile,18-24,0
63,2.0,Large,Search,Evening,Desktop,18-24,0
64,3.0,Medium,Search,Evening,Tablet,25-34,0
65,4.0,Small,Search,Morning,Mobile,25-34,0
66,2.0,Small,Product,Afternoon,Tablet,55+,0
67,1.0,Large,Product,Morning,Tablet,55+,0
68,4.0,Large,Article,Afternoon,Tablet,25-34,0
69,3.0,Small,Search,Night,Mobile,45-54,1
70,2.0,Small,Product,Morning,Mobile,55+,0
71,4.0,Small,Article,Afternoon,Mobile,35-44,0
72,1.0,Small,Search,Evening,Mobile,35-44,0
73,1.0,Small,Product,Afternoon,Mobile,45-54,0
74,3.0,Small,Product,Morning,Tablet,55+,0
75,4.0,Medium,Product,Night,Desktop,25-34,0
76,1.0,Medium,Product,Evening,Desktop,35-44,0
77,1.0,Small,Search,Morning,Desktop,45-54,0
78,1.0,Large,Article,Afternoon,Tablet,35-44,0
79,4.0,Large,Article,Night,Mobile,25-34,0
80,4.0,Small,Article,Night,Desktop,45-54,0
81,3.0,Medium,Product,Morning,Tablet,55+,0
82,3.0,Medium,Article,Night,Tablet,55+,0
83,4.0,Large,Search,Evening,Mobile,55+,0
84,4.0,Large,Search,Morning,Mobile,25-34,0
85,2.0,Small,Product,Afternoon,Desktop,35-44,0
86,4.0,Large,Product,Night,Tablet,35-44,0
87,1.0,Large,Search,Night,Mobile,45-54,0
88,3.0,Large,Search,Morning,Mobile,25-34,0
89,1.0,Small,Search,Evening,Mobile,45-54,0
90,4.0,Small,Article,Evening,Desktop,25-34,1
91,3.0,Small,Article,Afternoon,Tablet,18-24,0
92,3.0,Medium,Home,Evening,Mobile,18-24,0
93,2.0,Medium,Home,Night,Desktop,18-24,0
94,2.0,Large,Home,Night,Mobile,25-34,0
95,1.0,Medium,Product,Afternoon,Desktop,55+,0
96,4.0,Medium,Home,Night,Mobile,25-34,0
97,4.0,Large,Article,Afternoon,Tablet,18-24,0
98,2.0,Large,Article,Morning,Desktop,45-54,0
99,2.0,Small,Home,Afternoon,Mobile,45-54,0
100,3.0,Medium,Article,Night,Mobile,35-44,0
101,4.0,Small,Product,Morning,Mobile,25-34,0
102,4.0,Small,Home,Evening,Desktop,18-24,0
103,3.0,Medium,Article,Evening,Desktop,35-44,0
104,2.0,Small,Search,Morning,Mobile,25-34,0
105,3.0,Large,Home,Afternoon,Desktop,55+,1
106,2.0,Large,Article,Morning,Mobile,55+,0
107,1.0,Medium,Search,Morning,Tablet,45-54,0
108,2.0,Small,Home,Evening,Desktop,25-34,0
109,4.0,Medium,Product,Morning,Tablet,45-54,0
110,2.0,Medium,Home,Night,Desktop,25-34,1
111,1.0,Medium,Home,Morning,Desktop,25-34,0
112,1.0,Medium,Search,Night,Tablet,55+,0
113,1.0,Small,Home,Night,Desktop,18-24,0
114,1.0,Medium,Article,Afternoon,Desktop,55+,0
115,4.0,Large,Article,Night,Desktop,55+,0
116,3.0,Small,Home,Morning,Desktop,18-24,0
117,3.0,Small,Article,Evening,Mobile,25-34,0
118,3.0,Medium,Home,Evening,Tablet,35-44,0
119,4.0,Large,Product,Evening,Mobile,35-44,0
120,3.0,Medium,Article,Afternoon,Tablet,55+,0
121,2.0,Small,Product,Morning,Mobile,55+,0
122,4.0,Medium,Search,Evening,Mobile,45-54,0
123,4.0,Medium,Home,Afternoon,Desktop,18-24,0
124,3.0,Medium,Product,Morning,Tablet,35-44,0
125,3.0,Medium,Product,Afternoon,Mobile,45-54,0
126,2.0,Large,Search,Evening,Mobile,55+,0
127,2.0,Medium,Search,Afternoon,Desktop,25-34,0
128,2.0,Small,Product,Afternoon,Tablet,45-54,0
129,1.0,Small,Search,Morning,Desktop,25-34,0
130,3.0,Medium,Home,Evening,Tablet,45-54,0
131,2.0,Medium,Search,Night,Mobile,45-54,0
132,4.0,Large,Search,Night,Desktop,35-44,0
133,1.0,Medium,Product,Night,Mobile,55+,0
134,3.0,Large,Article,Morning,Desktop,18-24,0
135,4.0,Medium,Home,Morning,Mobile,35-44,0
136,2.0,Small,Product,Morning,Tablet,18-24,0
137,1.0,Medium,Search,Afternoon,Mobile,35-44,0
138,1.0,Small,Home,Evening,Desktop,25-34,0
139,3.0,Large,Product,Night,Mobile,18-24,0
140,3.0,Large,Product,Morning,Tablet,25-34,0
141,3.0,Small,Search,Morning,Tablet,25-34,0
142,1.0,Medium,Article,Afternoon,Mobile,25-34,0
143,2.0,Medium,Article,Evening,Desktop,45-54,0
144,2.0,Small,Search,Afternoon,Tablet,35-44,0
145,1.0,Large,Article,Night,Desktop,35-44,0
146,3.0,Small,Product,Morning,Tablet,45-54,0
147,3.0,Small,Product,Afternoon,Desktop,25-34,0
148,4.0,Small,Home,Morning,Desktop,45-54,0
149,3.0,Large,Product,Night,Desktop,35-44,0
150,4.0,Small,Product,Night,Mobile,55+,0
151,4.0,Small,Article,Afternoon,Desktop,18-24,0
152,1.0,Large,Search,Night,Mobile,55+,0
153,4.0,Large,Search,Afternoon,Desktop,25-34,0
154,2.0,Medium,Home,Morning,Tablet,55+,0
155,1.0,Large,Home,Evening,Tablet,45-54,1
156,1.0,Large,Article,Afternoon,Mobile,45-54,0
157,3.0,Medium,Search,Morning,Desktop,18-24,0
158,2.0,Small,Product,Afternoon,Desktop,25-34,0
159,4.0,Small,Home,Night,Desktop,35-44,0
160,1.0,Large,Search,Evening,Tablet,18-24,0
161,2.0,Medium,Search,Evening,Mobile,25-34,0
162,3.0,Small,Article,Night,Desktop,35-44,0
163,2.0,Small,Article,Morning,Tablet,18-24,0
164,3.0,Large,Product,Afternoon,Tablet,45-54,0
165,4.0,Medium,Home,Afternoon,Desktop,55+,0
166,1.0,Small,Article,Night,Mobile,55+,0
167,1.0,Medium,Search,Afternoon,Mobile,18-24,0
168,3.0,Large,Product,Night,Mobile,25-34,0
169,2.0,Small,Home,Afternoon,Mobile,25-34,0
170,2.0,Small,Product,Night,Mobile,35-44,0
171,2.0,Medium,Product,Morning,Tablet,18-24,0
172,2.0,Medium,Product,Morning,Tablet,18-24,0
173,4.0,Medium,Article,Morning,Desktop,25-34,0
174,3.0,Large,Home,Afternoon,Mobile,55+,0
175,2.0,Small,Search,Morning,Desktop,18-24,0
176,1.0,Medium,Product,Night,Desktop,18-24,1
177,1.0,Large,Product,Afternoon,Mobile,45-54,0
178,4.0,Small,Product,Afternoon,Tablet,35-44,0
179,1.0,Large,Article,Afternoon,Desktop,35-44,0
180,2.0,Medium,Article,Evening,Tablet,45-54,0
181,2.0,Medium,Article,Evening,Desktop,25-34,0
182,1.0,Large,Home,Night,Mobile,25-34,0
183,4.0,Medium,Home,Afternoon,Tablet,35-44,0
184,2.0,Large,Product,Night,Mobile,18-24,0
185,3.0,Large,Product,Afternoon,Tablet,18-24,0
186,4.0,Large,Product,Afternoon,Desktop,25-34,0
187,4.0,Small,Article,Evening,Desktop,25-34,0
188,2.0,Small,Product,Evening,Desktop,45-54,0
189,2.0,Medium,Search,Night,Desktop,55+,0
190,2.0,Large,Product,Afternoon,Tablet,35-44,0
191,1.0,Large,Article,Evening,Desktop,45-54,0
192,3.0,Small,Home,Morning,Mobile,35-44,0
193,3.0,Large,Search,Morning,Tablet,55+,0
194,4.0,Small,Article,Afternoon,Desktop,55+,0
195,1.0,Small,Home,Morning,Mobile,45-54,0
196,1.0,Small,Home,Morning,Desktop,18-24,0
197,3.0,Large,Product,Evening,Tablet,25-34,0
198,2.0,Small,Search,Morning,Mobile,25-34,0
199,1.0,Small,Product,Afternoon,Tablet,55+,0
200,1.0,Small,Product,Evening,Desktop,18-24,0
201,4.0,Medium,Product,Afternoon,Mobile,18-24,0
202,3.0,Small,Article,Night,Mobile,55+,0
203,3.0,Small,Article,Night,Desktop,25-34,0
204,1.0,Small,Article,Morning,Desktop,35-44,0
205,1.0,Medium,Product,Night,Tablet,55+,0
206,4.0,Small,Product,Morning,Desktop,18-24,0
207,3.0,Medium,Product,Afternoon,Desktop,45-54,0
208,2.0,Medium,Article,Afternoon,Tablet,55+,0
209,4.0,Small,Article,Night,Tablet,25-34,0
210,3.0,Small,Product,Morning,Tablet,55+,0
211,2.0,Large,Home,Afternoon,Desktop,45-54,0
212,3.0,Medium,Home,Morning,Mobile,25-34,0
213,1.0,Large,Home,Morning,Tablet,35-44,0
214,,Medium,Article,Night,Desktop,18-24,0
215,1.0,Medium,Article,Afternoon,Desktop,18-24,0
216,1.0,Large,Search,Afternoon,Mobile,18-24,0
217,2.0,Small,Home,Morning,Mobile,55+,0
218,2.0,Large,Product,Afternoon,Tablet,18-24,0
219,3.0,Large,Article,Morning,Tablet,35-44,0
220,2.0,Medium,Product,Night,Tablet,55+,0
221,3.0,Small,Search,Night,Desktop,35-44,0
222,1.0,Medium,Product,Night,Mobile,25-34,0
223,1.0,Small,Search,Evening,Mobile,35-44,0
224,1.0,Medium,Search,Morning,Mobile,18-24,0
225,1.0,Small,Article,Night,Desktop,45-54,0
226,4.0,Small,Home,Night,Mobile,35-44,0
227,1.0,Small,Product,Morning,Mobile,55+,0
228,2.0,Small,Article,Afternoon,Mobile,35-44,0
229,2.0,Large,Article,Morning,Mobile,35-44,0
230,1.0,Small,Home,Morning,Tablet,35-44,0
231,2.0,Small,Home,Night,Desktop,35-44,0
232,4.0,Small,Search,Morning,Mobile,45-54,0
233,1.0,Large,Article,Afternoon,Desktop,45-54,0
234,1.0,Small,Home,Night,Desktop,55+,0
235,3.0,Large,Home,Evening,Mobile,18-24,0
236,2.0,Medium,Product,Night,Tablet,45-54,0
237,2.0,Small,Search,Morning,Desktop,25-34,0
238,2.0,Large,Product,Afternoon,Mobile,35-44,1
239,1.0,Small,Article,Afternoon,Tablet,35-44,0
240,2.0,Medium,Home,Night,Mobile,55+,0
241,3.0,Large,Article,Afternoon,Tablet,45-54,0
242,1.0,Medium,Product,Morning,Desktop,25-34,0
243,4.0,Large,Home,Afternoon,Desktop,35-44,0
244,3.0,Medium,Article,Morning,Desktop,18-24,0
245,2.0,Large,Search,Evening,Desktop,25-34,0
246,1.0,Medium,Search,Evening,Tablet,35-44,0
247,1.0,Small,Home,Morning,Tablet,35-44,0
248,2.0,Small,Home,Night,Mobile,55+,0
249,1.0,Large,Article,Morning,Tablet,18-24,0
250,1.0,Small,Home,Morning,Mobile,55+,0
251,4.0,Medium,Search,Night,Tablet,55+,0
252,4.0,Small,Search,Night,Desktop,45-54,0
253,2.0,Large,Home,Morning,Tablet,25-34,0
254,4.0,Large,Home,Night,Mobile,45-54,0
255,4.0,Medium,Search,Morning,Tablet,18-24,0
256,4.0,Medium,Home,Morning,Tablet,55+,0
257,4.0,Large,Article,Morning,Mobile,45-54,0
258,1.0,Large,Product,Afternoon,Tablet,18-24,0
259,4.0,Large,Search,Afternoon,Tablet,25-34,0
260,3.0,Large,Search,Morning,Mobile,18-24,0
261,2.0,Small,Home,Morning,Mobile,45-54,0
262,4.0,Medium,Product,Afternoon,Desktop,35-44,0
263,3.0,Large,Product,Night,Tablet,35-44,0
264,1.0,Medium,Home,Night,Tablet,25-34,0
265,3.0,Large,Home,Afternoon,Desktop,25-34,0
266,4.0,Large,Product,Night,Tablet,18-24,0
267,2.0,Large,Search,Morning,Mobile,25-34,0
268,1.0,Large,Product,Afternoon,Mobile,55+,0
269,4.0,Small,Search,Night,Desktop,55+,0
270,2.0,Medium,Home,Afternoon,Tablet,55+,0
271,2.0,Small,Product,Afternoon,Mobile,55+,0
272,2.0,Large,Article,Night,Desktop,25-34,1
273,3.0,Small,Home,Morning,Desktop,25-34,0
274,4.0,Large,Article,Evening,Mobile,18-24,0
275,1.0,Small,Article,Morning,Mobile,35-44,0
276,1.0,Medium,Home,Morning,Mobile,35-44,0
277,4.0,Large,Article,Morning,Desktop,18-24,0
278,3.0,Medium,Search,Evening,Tablet,25-34,0
279,4.0,Large,Home,Morning,Desktop,25-34,0
280,4.0,Large,Home,Night,Tablet,18-24,0
281,4.0,Small,Product,Night,Desktop,25-34,0
282,3.0,Large,Product,Evening,Desktop,45-54,0
283,3.0,Small,Product,Morning,Tablet,25-34,0
284,4.0,Small,Article,Morning,Tablet,25-34,0
285,3.0,Large,Home,Evening,Mobile,18-24,0
286,4.0,Small,Product,Morning,Desktop,35-44,0
287,4.0,Small,Article,Night,Mobile,25-34,0
288,2.0,Small,Search,Morning,Desktop,45-54,0
289,4.0,Large,Product,Morning,Mobile,45-54,1
290,4.0,Medium,Product,Night,Desktop,45-54,0
291,,Medium,Product,Morning,Mobile,45-54,0
292,4.0,Small,Product,Night,Mobile,55+,0
293,2.0,Small,Search,Night,Tablet,35-44,0
294,,Large,Home,Night,Tablet,55+,0
295,4.0,Large,Product,Afternoon,Tablet,18-24,0
296,1.0,Medium,Home,Afternoon,Tablet,25-34,0
297,1.0,Small,Search,Night,Mobile,25-34,0
298,4.0,Medium,Article,Evening,Mobile,55+,0
299,2.0,Large,Home,Night,Desktop,35-44,0
300,3.0,Small,Home,Evening,Mobile,35-44,0
301,4.0,Large,Home,Afternoon,Tablet,35-44,0
302,3.0,Small,Home,Morning,Mobile,55+,0
303,4.0,Small,Product,Morning,Tablet,18-24,0
304,2.0,Medium,Article,Morning,Tablet,25-34,0
305,3.0,Medium,Product,Morning,Mobile,55+,0
306,4.0,Small,Search,Night,Desktop,55+,1
307,4.0,Medium,Article,Evening,Tablet,35-44,0
308,,Small,Product,Afternoon,Tablet,55+,0
309,4.0,Medium,Search,Afternoon,Mobile,55+,0
310,1.0,Small,Search,Morning,Desktop,45-54,0
311,3.0,Medium,Search,Afternoon,Tablet,35-44,0
312,2.0,Medium,Search,Night,Desktop,18-24,0
313,1.0,Medium,Article,Morning,Mobile,25-34,0
314,3.0,Medium,Product,Morning,Desktop,18-24,0
315,3.0,Large,Article,Morning,Tablet,35-44,0
316,4.0,Medium,Search,Evening,Desktop,18-24,0
317,3.0,Large,Product,Afternoon,Desktop,55+,0
318,1.0,Medium,Article,Morning,Mobile,18-24,0
319,4.0,Large,Article,Evening,Mobile,45-54,0
320,1.0,Large,Product,Morning,Mobile,35-44,0
321,3.0,Large,Search,Afternoon,Desktop,55+,0
322,1.0,Medium,Home,Evening,Mobile,18-24,0
323,4.0,Large,Search,Morning,Mobile,55+,0
324,2.0,Medium,Product,Night,Mobile,45-54,0
325,3.0,Small,Article,Night,Tablet,55+,0
326,4.0,Large,Home,Evening,Tablet,25-34,0
327,2.0,Small,Home,Night,Tablet,45-54,0
328,4.0,Large,Article,Evening,Mobile,45-54,0
329,1.0,Small,Article,Morning,Tablet,35-44,1
330,4.0,Large,Search,Night,Desktop,35-44,0
331,2.0,Small,Search,Evening,Mobile,35-44,0
332,3.0,Medium,Home,Afternoon,Desktop,25-34,0
333,3.0,Medium,Product,Evening,Desktop,55+,0
334,1.0,Medium,Search,Evening,Desktop,25-34,1
335,1.0,Large,Home,Afternoon,Desktop,18-24,0
336,4.0,Large,Home,Afternoon,Desktop,18-24,0
337,3.0,Large,Search,Morning,Desktop,35-44,1
338,1.0,Medium,Article,Afternoon,Mobile,25-34,0
339,3.0,Small,Product,Evening,Mobile,25-34,0
340,4.0,Large,Product,Afternoon,Desktop,35-44,0
341,1.0,Medium,Article,Morning,Mobile,18-24,0
342,2.0,Large,Article,Evening,Desktop,35-44,0
343,2.0,Large,Home,Evening,Mobile,35-44,0
344,3.0,Medium,Search,Night,Mobile,55+,0
345,3.0,Small,Home,Night,Mobile,55+,0
346,2.0,Small,Search,Evening,Desktop,35-44,0
347,1.0,Large,Article,Evening,Desktop,35-44,0
348,4.0,Medium,Home,Morning,Mobile,25-34,0
349,2.0,Medium,Product,Evening,Tablet,55+,0
350,,Small,Home,Evening,Desktop,55+,0
351,3.0,Large,Article,Night,Desktop,45-54,0
352,2.0,Small,Home,Afternoon,Desktop,35-44,0
353,3.0,Medium,Home,Morning,Desktop,45-54,0
354,1.0,Medium,Search,Morning,Desktop,35-44,0
355,3.0,Medium,Home,Night,Mobile,55+,0
356,2.0,Small,Product,Night,Mobile,25-34,0
357,,Large,Search,Afternoon,Tablet,35-44,0
358,4.0,Small,Search,Morning,Mobile,35-44,0
359,4.0,Large,Product,Afternoon,Desktop,35-44,0
360,,Small,Article,Night,Desktop,45-54,0
361,1.0,Small,Search,Afternoon,Desktop,45-54,0
362,1.0,Medium,Search,Morning,Tablet,35-44,0
363,4.0,Small,Home,Evening,Mobile,25-34,0
364,4.0,Medium,Home,Afternoon,Desktop,18-24,0
365,4.0,Large,Article,Evening,Desktop,18-24,0
366,2.0,Large,Search,Afternoon,Mobile,55+,0
367,3.0,Medium,Product,Night,Mobile,45-54,0
368,2.0,Small,Article,Night,Desktop,25-34,0
369,4.0,Small,Article,Afternoon,Tablet,55+,0
370,3.0,Large,Product,Afternoon,Desktop,35-44,0
371,2.0,Medium,Article,Evening,Tablet,35-44,0
372,1.0,Large,Search,Morning,Desktop,55+,0
373,2.0,Large,Home,Night,Mobile,35-44,0
374,4.0,Medium,Home,Night,Tablet,25-34,0
375,1.0,Small,Search,Morning,Mobile,45-54,0
376,3.0,Medium,Product,Morning,Mobile,45-54,0
377,4.0,Medium,Search,Evening,Tablet,55+,0
378,2.0,Small,Product,Morning,Mobile,55+,0
379,1.0,Small,Product,Evening,Mobile,45-54,0
380,1.0,Large,Home,Evening,Desktop,18-24,0
381,,Large,Article,Afternoon,Tablet,45-54,0
382,1.0,Small,Product,Night,Mobile,45-54,0
383,2.0,Small,Product,Evening,Tablet,55+,0
384,1.0,Large,Article,Afternoon,Desktop,35-44,0
385,4.0,Small,Product,Afternoon,Mobile,45-54,0
386,1.0,Medium,Product,Night,Desktop,55+,0
387,3.0,Small,Home,Afternoon,Tablet,45-54,0
388,2.0,Small,Home,Night,Tablet,25-34,0
389,2.0,Medium,Search,Evening,Mobile,35-44,0
390,4.0,Small,Product,Evening,Desktop,55+,0
391,2.0,Small,Search,Night,Tablet,25-34,0
392,3.0,Large,Home,Evening,Tablet,25-34,0
393,3.0,Small,Product,Night,Desktop,55+,0
394,,Large,Article,Afternoon,Tablet,55+,0
395,2.0,Medium,Home,Morning,Tablet,25-34,0
396,3.0,Large,Home,Afternoon,Desktop,55+,0
397,1.0,Medium,Product,Night,Desktop,25-34,0
398,4.0,Medium,Product,Afternoon,Desktop,18-24,0
399,1.0,Small,Article,Morning,Tablet,35-44,0
400,4.0,Large,Product,Night,Mobile,18-24,0
401,1.0,Large,Product,Evening,Mobile,25-34,0
402,3.0,Medium,Search,Afternoon,Tablet,55+,0
403,2.0,Medium,Home,Morning,Tablet,45-54,0
404,2.0,Medium,Search,Morning,Desktop,35-44,0
405,3.0,Small,Article,Morning,Tablet,55+,0
406,2.0,Medium,Product,Evening,Tablet,55+,0
407,2.0,Medium,Search,Evening,Mobile,25-34,0
408,1.0,Large,Search,Morning,Mobile,25-34,1
409,2.0,Small,Product,Morning,Tablet,35-44,0
410,2.0,Large,Article,Evening,Mobile,25-34,0
411,3.0,Large,Product,Night,Tablet,35-44,0
412,2.0,Small,Article,Evening,Desktop,45-54,0
413,1.0,Small,Home,Afternoon,Tablet,45-54,0
414,1.0,Medium,Home,Evening,Mobile,45-54,0
415,2.0,Large,Search,Night,Tablet,18-24,0
416,1.0,Small,Article,Night,Mobile,45-54,0
417,3.0,Medium,Home,Night,Tablet,35-44,0
418,2.0,Large,Article,Night,Tablet,25-34,0
419,3.0,Large,Home,Evening,Mobile,45-54,0
420,4.0,Large,Product,Night,Tablet,45-54,0
421,2.0,Medium,Article,Evening,Tablet,35-44,0
422,1.0,Medium,Product,Night,Tablet,55+,0
423,3.0,Large,Home,Night,Desktop,55+,0
424,3.0,Large,Article,Evening,Mobile,18-24,0
425,1.0,Small,Search,Afternoon,Tablet,45-54,0
426,4.0,Small,Search,Night,Desktop,35-44,0
427,,Medium,Home,Afternoon,Mobile,35-44,0
428,4.0,Large,Product,Morning,Desktop,25-34,0
429,4.0,Small,Search,Night,Desktop,35-44,0
430,3.0,Large,Search,Night,Tablet,35-44,0
431,1.0,Small,Product,Night,Desktop,45-54,0
432,3.0,Large,Home,Morning,Tablet,35-44,0
433,1.0,Large,Search,Afternoon,Mobile,18-24,1
434,,Small,Article,Night,Desktop,55+,0
435,,Medium,Search,Evening,Desktop,45-54,0
436,2.0,Large,Product,Morning,Desktop,55+,0
437,3.0,Large,Product,Afternoon,Desktop,45-54,0
438,2.0,Small,Home,Afternoon,Tablet,55+,0
439,1.0,Medium,Product,Morning,Tablet,18-24,0
440,3.0,Small,Home,Night,Mobile,55+,0
441,1.0,Medium,Article,Night,Mobile,55+,0
442,2.0,Medium,Home,Morning,Mobile,35-44,0
443,4.0,Large,Article,Morning,Tablet,25-34,0
444,3.0,Small,Product,Morning,Desktop,25-34,0
445,3.0,Small,Search,Night,Tablet,18-24,0
446,2.0,Medium,Product,Morning,Tablet,25-34,0
447,3.0,Medium,Search,Morning,Mobile,18-24,1
448,4.0,Small,Article,Afternoon,Mobile,18-24,0
449,4.0,Large,Search,Evening,Mobile,25-34,0
450,3.0,Medium,Search,Morning,Tablet,55+,0
451,4.0,Large,Home,Evening,Desktop,55+,0
452,2.0,Medium,Product,Afternoon,Mobile,55+,0
453,3.0,Medium,Search,Morning,Tablet,55+,0
454,3.0,Large,Search,Evening,Desktop,25-34,0
455,4.0,Medium,Search,Night,Mobile,18-24,0
456,4.0,Large,Product,Evening,Mobile,45-54,0
457,1.0,Large,Home,Morning,Mobile,18-24,0
458,3.0,Large,Product,Night,Tablet,18-24,0
459,2.0,Small,Product,Afternoon,Desktop,45-54,0
460,4.0,Small,Home,Evening,Tablet,35-44,0
461,2.0,Medium,Search,Morning,Mobile,35-44,0
462,1.0,Large,Product,Morning,Tablet,55+,0
463,1.0,Large,Product,Night,Tablet,25-34,1
464,3.0,Large,Product,Evening,Desktop,35-44,0
465,1.0,Small,Home,Night,Tablet,45-54,0
466,4.0,Large,Home,Night,Mobile,35-44,0
467,1.0,Small,Article,Night,Tablet,25-34,0
468,1.0,Small,Search,Morning,Desktop,35-44,0
469,3.0,Large,Home,Night,Desktop,18-24,1
470,2.0,Small,Search,Morning,Desktop,18-24,0
471,2.0,Small,Article,Evening,Tablet,18-24,0
472,4.0,Medium,Article,Evening,Mobile,18-24,0
473,4.0,Small,Home,Night,Tablet,18-24,0
474,1.0,Medium,Product,Afternoon,Desktop,55+,0
475,4.0,Large,Article,Evening,Tablet,55+,0
476,4.0,Medium,Article,Evening,Mobile,55+,0
477,1.0,Medium,Article,Night,Desktop,45-54,0
478,2.0,Small,Article,Afternoon,Tablet,45-54,0
479,1.0,Small,Article,Afternoon,Desktop,55+,0
480,4.0,Medium,Home,Night,Mobile,35-44,0
481,4.0,Medium,Product,Night,Tablet,25-34,0
482,4.0,Medium,Article,Evening,Mobile,18-24,0
483,2.0,Small,Product,Evening,Tablet,35-44,0
484,4.0,Large,Article,Afternoon,Desktop,55+,0
485,1.0,Small,Home,Evening,Desktop,25-34,0
486,4.0,Medium,Product,Afternoon,Tablet,55+,0
487,3.0,Small,Home,Night,Mobile,55+,0
488,3.0,Large,Search,Night,Tablet,45-54,0
489,3.0,Large,Search,Afternoon,Mobile,35-44,0
490,2.0,Medium,Product,Afternoon,Desktop,18-24,0
491,3.0,Medium,Home,Night,Tablet,35-44,0
492,3.0,Small,Product,Afternoon,Tablet,45-54,0
493,3.0,Small,Search,Morning,Desktop,55+,0
494,4.0,Small,Home,Morning,Mobile,45-54,0
495,1.0,Small,Product,Night,Tablet,55+,0
496,,Small,Product,Morning,Mobile,45-54,0
497,1.0,Small,Article,Afternoon,Desktop,35-44,0
498,1.0,Small,Home,Afternoon,Tablet,18-24,0
499,1.0,Medium,Product,Afternoon,Tablet,25-34,0
500,1.0,Large,Home,Morning,Mobile,55+,0
501,1.0,Medium,Search,Morning,Tablet,55+,0
502,3.0,Medium,Product,Night,Tablet,55+,0
503,3.0,Medium,Product,Morning,Tablet,18-24,0
504,4.0,Large,Search,Morning,Desktop,45-54,0
505,1.0,Large,Product,Morning,Desktop,35-44,0
506,4.0,Large,Article,Evening,Mobile,18-24,0
507,2.0,Large,Product,Morning,Desktop,55+,0
508,4.0,Small,Search,Night,Tablet,35-44,0
509,1.0,Large,Home,Night,Tablet,25-34,0
510,3.0,Medium,Article,Night,Mobile,18-24,0
511,3.0,Medium,Product,Morning,Mobile,25-34,0
512,2.0,Large,Product,Evening,Desktop,45-54,0
513,4.0,Large,Product,Morning,Mobile,18-24,0
514,3.0,Large,Article,Afternoon,Tablet,18-24,0
515,4.0,Large,Product,Morning,Mobile,45-54,0
516,2.0,Large,Home,Night,Desktop,35-44,0
517,3.0,Large,Article,Evening,Desktop,25-34,0
518,2.0,Small,Product,Morning,Tablet,55+,0
519,3.0,Small,Article,Night,Mobile,45-54,0
520,1.0,Large,Home,Morning,Mobile,18-24,0
521,4.0,Large,Home,Night,Desktop,18-24,0
522,2.0,Medium,Product,Evening,Mobile,45-54,0
523,3.0,Small,Article,Night,Mobile,18-24,0
524,1.0,Large,Home,Night,Mobile,45-54,0
525,3.0,Medium,Product,Afternoon,Tablet,18-24,0
526,3.0,Medium,Search,Morning,Mobile,55+,0
527,1.0,Large,Search,Afternoon,Desktop,18-24,0
528,2.0,Medium,Product,Night,Mobile,18-24,0
529,4.0,Medium,Search,Morning,Tablet,55+,0
530,4.0,Small,Article,Afternoon,Desktop,18-24,0
531,1.0,Large,Product,Evening,Desktop,18-24,0
532,1.0,Small,Home,Afternoon,Tablet,55+,0
533,4.0,Small,Article,Night,Tablet,35-44,0
534,3.0,Large,Home,Night,Mobile,25-34,0
535,4.0,Medium,Home,Morning,Tablet,18-24,0
536,2.0,Medium,Article,Night,Tablet,18-24,0
537,4.0,Medium,Search,Afternoon,Mobile,25-34,0
538,4.0,Small,Article,Afternoon,Desktop,55+,0
539,3.0,Medium,Article,Night,Mobile,18-24,0
540,4.0,Small,Product,Evening,Tablet,18-24,0
541,1.0,Small,Article,Night,Tablet,25-34,0
542,3.0,Large,Search,Evening,Desktop,25-34,0
543,4.0,Medium,Article,Morning,Desktop,18-24,0
544,3.0,Large,Search,Afternoon,Mobile,55+,0
545,3.0,Large,Search,Night,Desktop,25-34,0
546,4.0,Large,Article,Night,Desktop,25-34,0
547,1.0,Large,Search,Afternoon,Tablet,25-34,0
548,1.0,Small,Search,Afternoon,Desktop,18-24,1
549,4.0,Medium,Search,Night,Mobile,45-54,0
550,3.0,Small,Home,Afternoon,Mobile,25-34,0
551,2.0,Large,Product,Morning,Tablet,25-34,0
552,4.0,Small,Search,Afternoon,Tablet,18-24,0
553,2.0,Large,Article,Afternoon,Tablet,18-24,0
554,1.0,Medium,Home,Evening,Tablet,55+,0
555,1.0,Large,Search,Night,Tablet,35-44,1
556,1.0,Small,Product,Evening,Desktop,55+,0
557,2.0,Small,Product,Afternoon,Mobile,35-44,0
558,2.0,Medium,Article,Afternoon,Mobile,45-54,0
559,2.0,Medium,Search,Evening,Desktop,18-24,0
560,1.0,Medium,Article,Evening,Mobile,45-54,0
561,4.0,Small,Product,Evening,Desktop,55+,0
562,2.0,Small,Search,Night,Tablet,18-24,0
563,1.0,Small,Search,Evening,Desktop,45-54,0
564,3.0,Large,Article,Evening,Mobile,45-54,0
565,3.0,Small,Home,Afternoon,Desktop,45-54,0
566,4.0,Small,Article,Morning,Desktop,45-54,0
567,3.0,Medium,Product,Morning,Tablet,18-24,0
568,3.0,Large,Home,Night,Mobile,25-34,0
569,2.0,Small,Product,Morning,Tablet,25-34,0
570,2.0,Medium,Search,Evening,Tablet,35-44,0
571,1.0,Large,Search,Evening,Mobile,55+,0
572,2.0,Large,Search,Afternoon,Mobile,55+,0
573,1.0,Medium,Search,Morning,Mobile,25-34,0
574,4.0,Medium,Product,Morning,Tablet,18-24,0
575,2.0,Large,Product,Afternoon,Mobile,55+,0
576,3.0,Small,Home,Afternoon,Mobile,35-44,0
577,2.0,Medium,Home,Morning,Mobile,35-44,0
578,4.0,Medium,Search,Night,Tablet,55+,0
579,4.0,Medium,Search,Evening,Mobile,18-24,0
580,2.0,Medium,Product,Evening,Tablet,18-24,0
581,1.0,Medium,Article,Morning,Mobile,18-24,0
582,1.0,Large,Article,Morning,Mobile,25-34,0
583,3.0,Large,Product,Afternoon,Mobile,55+,0
584,2.0,Small,Home,Night,Mobile,18-24,0
585,2.0,Large,Product,Afternoon,Tablet,45-54,0
586,,Medium,Home,Evening,Tablet,45-54,0
587,3.0,Medium,Product,Night,Desktop,35-44,0
588,3.0,Small,Article,Night,Mobile,45-54,0
589,4.0,Small,Article,Evening,Mobile,35-44,0
590,3.0,Large,Article,Afternoon,Desktop,25-34,0
591,3.0,Medium,Search,Night,Mobile,25-34,0
592,4.0,Medium,Search,Afternoon,Tablet,45-54,0
593,2.0,Large,Article,Afternoon,Mobile,55+,0
594,3.0,Medium,Product,Afternoon,Desktop,18-24,0
595,3.0,Small,Search,Morning,Desktop,18-24,1
596,1.0,Small,Search,Afternoon,Mobile,55+,0
597,1.0,Small,Product,Afternoon,Mobile,35-44,0
598,3.0,Large,Product,Night,Mobile,35-44,0
599,3.0,Medium,Article,Afternoon,Desktop,35-44,0
600,1.0,Medium,Product,Morning,Mobile,18-24,0
601,1.0,Medium,Search,Afternoon,Mobile,45-54,0
602,4.0,Medium,Article,Night,Desktop,55+,0
603,2.0,Large,Search,Evening,Tablet,25-34,0
604,1.0,Large,Article,Night,Desktop,25-34,0
605,2.0,Large,Product,Afternoon,Mobile,18-24,0
606,3.0,Large,Home,Afternoon,Mobile,18-24,0
607,2.0,Small,Home,Evening,Tablet,18-24,0
608,3.0,Small,Search,Night,Mobile,55+,0
609,3.0,Large,Home,Morning,Tablet,55+,0
610,3.0,Medium,Article,Morning,Tablet,55+,0
611,1.0,Small,Home,Evening,Desktop,55+,0
612,1.0,Small,Product,Afternoon,Desktop,55+,0
613,4.0,Large,Article,Afternoon,Tablet,35-44,1
614,2.0,Small,Article,Night,Tablet,25-34,0
615,4.0,Small,Home,Morning,Mobile,45-54,0
616,4.0,Medium,Article,Morning,Desktop,35-44,0
617,3.0,Small,Product,Afternoon,Desktop,25-34,0
618,2.0,Medium,Article,Morning,Tablet,25-34,0
619,,Small,Home,Afternoon,Mobile,35-44,0
620,1.0,Medium,Product,Evening,Tablet,45-54,0
621,2.0,Small,Article,Afternoon,Tablet,55+,0
622,3.0,Large,Search,Morning,Desktop,55+,0
623,2.0,Small,Search,Afternoon,Desktop,35-44,0
624,1.0,Large,Product,Afternoon,Tablet,25-34,0
625,4.0,Medium,Article,Afternoon,Desktop,35-44,0
626,1.0,Small,Search,Evening,Mobile,18-24,0
627,3.0,Medium,Home,Morning,Desktop,25-34,0
628,3.0,Large,Product,Morning,Mobile,35-44,0
629,3.0,Medium,Home,Afternoon,Tablet,55+,0
630,3.0,Small,Article,Evening,Tablet,35-44,0
631,1.0,Medium,Article,Morning,Desktop,35-44,0
632,1.0,Medium,Product,Afternoon,Desktop,25-34,0
633,3.0,Large,Search,Afternoon,Tablet,18-24,0
634,4.0,Medium,Product,Morning,Mobile,35-44,0
635,1.0,Medium,Search,Afternoon,Desktop,18-24,0
636,4.0,Large,Product,Morning,Tablet,35-44,0
637,1.0,Large,Article,Night,Mobile,35-44,1
638,3.0,Small,Search,Afternoon,Desktop,18-24,0
639,4.0,Medium,Home,Afternoon,Tablet,25-34,0
640,2.0,Medium,Search,Morning,Tablet,55+,0
641,2.0,Small,Home,Afternoon,Mobile,55+,0
642,1.0,Large,Home,Morning,Desktop,18-24,0
643,3.0,Large,Home,Night,Desktop,55+,0
644,3.0,Medium,Article,Morning,Mobile,35-44,0
645,3.0,Medium,Search,Morning,Tablet,55+,0
646,3.0,Small,Product,Night,Desktop,55+,0
647,1.0,Large,Article,Night,Tablet,35-44,0
648,2.0,Medium,Article,Morning,Mobile,25-34,0
649,4.0,Large,Article,Night,Desktop,45-54,0
650,3.0,Large,Home,Evening,Tablet,35-44,0
651,2.0,Medium,Home,Evening,Mobile,35-44,0
652,3.0,Large,Home,Afternoon,Tablet,55+,0
653,3.0,Large,Product,Night,Desktop,45-54,0
654,2.0,Large,Home,Evening,Tablet,45-54,0
655,2.0,Large,Search,Night,Desktop,25-34,1
656,4.0,Small,Home,Evening,Tablet,55+,0
657,1.0,Small,Product,Night,Tablet,55+,0
658,3.0,Small,Product,Evening,Tablet,45-54,0
659,4.0,Medium,Product,Morning,Desktop,45-54,0
660,2.0,Medium,Search,Morning,Desktop,25-34,1
661,1.0,Large,Article,Evening,Mobile,55+,0
662,3.0,Small,Product,Night,Mobile,25-34,1
663,1.0,Large,Product,Evening,Tablet,35-44,1
664,4.0,Medium,Article,Afternoon,Tablet,25-34,0
665,3.0,Small,Product,Morning,Mobile,35-44,0
666,4.0,Medium,Product,Afternoon,Mobile,18-24,0
667,2.0,Medium,Article,Evening,Desktop,25-34,0
668,1.0,Small,Product,Morning,Desktop,55+,0
669,4.0,Small,Product,Morning,Desktop,55+,0
670,3.0,Small,Search,Night,Tablet,45-54,0
671,1.0,Large,Home,Evening,Desktop,18-24,1
672,3.0,Medium,Article,Morning,Mobile,45-54,0
673,3.0,Large,Search,Morning,Mobile,45-54,0
674,4.0,Large,Product,Evening,Mobile,55+,0
675,3.0,Small,Search,Afternoon,Mobile,25-34,0
676,3.0,Large,Home,Morning,Mobile,35-44,0
677,1.0,Medium,Product,Night,Mobile,18-24,0
678,4.0,Medium,Product,Afternoon,Desktop,45-54,0
679,4.0,Small,Home,Night,Desktop,35-44,0
680,4.0,Medium,Search,Evening,Desktop,45-54,0
681,3.0,Medium,Article,Afternoon,Mobile,18-24,0
682,4.0,Small,Article,Night,Mobile,18-24,0
683,4.0,Medium,Product,Afternoon,Mobile,45-54,0
684,1.0,Small,Search,Evening,Mobile,35-44,0
685,4.0,Large,Product,Afternoon,Mobile,45-54,0
686,2.0,Medium,Article,Night,Desktop,35-44,0
687,2.0,Small,Search,Night,Tablet,45-54,0
688,3.0,Medium,Product,Morning,Tablet,55+,0
689,4.0,Medium,Product,Night,Tablet,35-44,0
690,1.0,Small,Home,Morning,Desktop,25-34,0
691,3.0,Small,Home,Evening,Desktop,25-34,0
692,1.0,Medium,Article,Morning,Mobile,18-24,0
693,3.0,Small,Product,Evening,Mobile,25-34,0
694,3.0,Large,Search,Evening,Mobile,35-44,0
695,3.0,Large,Search,Morning,Tablet,35-44,0
696,2.0,Small,Article,Afternoon,Mobile,25-34,0
697,1.0,Large,Home,Night,Desktop,18-24,0
698,3.0,Large,Search,Night,Tablet,18-24,0
699,1.0,Small,Search,Morning,Desktop,25-34,0
700,2.0,Large,Article,Afternoon,Mobile,55+,0
701,3.0,Large,Home,Morning,Tablet,55+,0
702,1.0,Medium,Home,Afternoon,Mobile,45-54,1
703,3.0,Large,Search,Afternoon,Tablet,25-34,0
704,4.0,Large,Home,Evening,Mobile,55+,0
705,1.0,Small,Product,Afternoon,Tablet,35-44,0
706,3.0,Medium,Article,Morning,Tablet,55+,0
707,2.0,Medium,Article,Evening,Tablet,25-34,0
708,4.0,Small,Home,Afternoon,Desktop,35-44,0
709,4.0,Medium,Article,Night,Mobile,45-54,0
710,4.0,Large,Product,Night,Desktop,45-54,0
711,4.0,Large,Product,Morning,Mobile,35-44,0
712,2.0,Large,Home,Night,Mobile,25-34,0
713,,Medium,Home,Afternoon,Desktop,35-44,0
714,3.0,Small,Search,Morning,Mobile,25-34,0
715,2.0,Small,Search,Night,Tablet,35-44,0
716,2.0,Medium,Product,Evening,Desktop,18-24,0
717,1.0,Medium,Article,Afternoon,Desktop,45-54,0
718,1.0,Small,Search,Evening,Tablet,55+,0
719,2.0,Large,Search,Evening,Mobile,35-44,0
720,4.0,Medium,Search,Evening,Tablet,45-54,1
721,2.0,Large,Product,Morning,Tablet,45-54,0
722,3.0,Small,Home,Morning,Tablet,35-44,0
723,2.0,Small,Search,Morning,Mobile,55+,0
724,2.0,Small,Product,Evening,Tablet,55+,1
725,1.0,Medium,Search,Evening,Mobile,35-44,0
726,1.0,Medium,Article,Afternoon,Tablet,35-44,0
727,2.0,Small,Home,Night,Desktop,18-24,0
728,4.0,Medium,Product,Night,Tablet,45-54,0
729,2.0,Large,Home,Afternoon,Tablet,25-34,0
730,3.0,Small,Article,Evening,Mobile,25-34,0
731,4.0,Small,Search,Night,Tablet,55+,0
732,4.0,Small,Article,Morning,Mobile,25-34,0
733,2.0,Small,Product,Night,Tablet,35-44,0
734,4.0,Large,Article,Afternoon,Mobile,25-34,0
735,4.0,Medium,Search,Evening,Desktop,55+,0
736,1.0,Small,Search,Night,Mobile,55+,0
737,4.0,Small,Article,Morning,Mobile,45-54,0
738,4.0,Small,Article,Night,Mobile,18-24,0
739,2.0,Small,Home,Morning,Desktop,18-24,0
740,3.0,Medium,Product,Evening,Tablet,35-44,0
741,1.0,Medium,Search,Evening,Desktop,55+,0
742,3.0,Large,Article,Night,Tablet,25-34,0
743,2.0,Large,Article,Night,Mobile,45-54,0
744,4.0,Medium,Article,Night,Tablet,25-34,0
745,3.0,Medium,Home,Morning,Desktop,45-54,0
746,4.0,Small,Search,Afternoon,Desktop,55+,0
747,4.0,Medium,Home,Morning,Tablet,18-24,0
748,4.0,Medium,Product,Morning,Tablet,25-34,0
749,1.0,Medium,Search,Night,Mobile,18-24,0
750,3.0,Large,Home,Night,Desktop,55+,0
751,2.0,Small,Article,Night,Mobile,55+,0
752,2.0,Large,Article,Evening,Mobile,25-34,0
753,2.0,Large,Search,Evening,Mobile,55+,0
754,3.0,Small,Product,Night,Mobile,35-44,0
755,4.0,Large,Product,Morning,Desktop,25-34,1
756,2.0,Small,Article,Night,Desktop,18-24,0
757,2.0,Large,Product,Afternoon,Desktop,35-44,0
758,4.0,Medium,Search,Night,Tablet,45-54,0
759,4.0,Medium,Product,Night,Mobile,18-24,0
760,1.0,Medium,Article,Morning,Desktop,35-44,0
761,4.0,Small,Article,Evening,Mobile,45-54,0
762,4.0,Large,Home,Night,Tablet,35-44,0
763,1.0,Medium,Search,Evening,Desktop,18-24,0
764,1.0,Small,Home,Evening,Tablet,35-44,0
765,3.0,Small,Search,Night,Desktop,25-34,0
766,2.0,Large,Product,Afternoon,Tablet,35-44,0
767,2.0,Small,Article,Night,Desktop,55+,0
768,2.0,Small,Product,Morning,Desktop,55+,0
769,1.0,Large,Home,Evening,Tablet,25-34,0
770,1.0,Small,Home,Morning,Tablet,45-54,0
771,1.0,Small,Article,Evening,Mobile,55+,0
772,3.0,Large,Search,Evening,Desktop,55+,0
773,1.0,Medium,Product,Evening,Desktop,25-34,0
774,4.0,Large,Search,Morning,Tablet,45-54,0
775,4.0,Large,Product,Night,Desktop,18-24,0
776,2.0,Medium,Search,Night,Mobile,55+,0
777,1.0,Large,Product,Morning,Mobile,55+,0
778,3.0,Medium,Product,Morning,Desktop,55+,0
779,4.0,Small,Search,Morning,Tablet,18-24,0
780,3.0,Large,Home,Afternoon,Desktop,45-54,0
781,4.0,Medium,Search,Evening,Desktop,18-24,0
782,4.0,Medium,Home,Night,Desktop,35-44,0
783,1.0,Medium,Product,Afternoon,Desktop,18-24,0
784,4.0,Large,Search,Morning,Tablet,18-24,0
785,4.0,Large,Product,Afternoon,Desktop,45-54,0
786,2.0,Large,Article,Afternoon,Mobile,25-34,0
787,4.0,Medium,Product,Morning,Tablet,18-24,0
788,1.0,Small,Home,Evening,Tablet,55+,0
789,1.0,Large,Home,Afternoon,Mobile,35-44,0
790,3.0,Large,Search,Morning,Tablet,35-44,0
791,3.0,Small,Product,Afternoon,Desktop,55+,0
792,4.0,Large,Home,Night,Desktop,45-54,0
793,1.0,Small,Home,Night,Tablet,18-24,1
794,1.0,Large,Product,Night,Desktop,45-54,0
795,1.0,Large,Product,Morning,Desktop,45-54,0
796,2.0,Small,Home,Morning,Tablet,18-24,0
797,4.0,Medium,Home,Evening,Mobile,55+,0
798,3.0,Large,Search,Evening,Mobile,18-24,0
799,2.0,Small,Product,Night,Tablet,25-34,0
800,4.0,Medium,Product,Night,Mobile,45-54,0
801,4.0,Small,Article,Evening,Mobile,45-54,0
802,4.0,Medium,Article,Afternoon,Mobile,45-54,0
803,4.0,Small,Product,Night,Tablet,35-44,0
804,3.0,Large,Search,Afternoon,Mobile,55+,0
805,3.0,Large,Home,Night,Mobile,55+,1
806,1.0,Medium,Home,Morning,Tablet,45-54,0
807,3.0,Small,Product,Morning,Tablet,35-44,0
808,3.0,Large,Search,Evening,Desktop,45-54,0
809,1.0,Small,Product,Night,Mobile,45-54,0
810,3.0,Small,Search,Night,Mobile,18-24,0
811,1.0,Medium,Product,Afternoon,Mobile,45-54,0
812,3.0,Small,Product,Night,Mobile,18-24,0
813,1.0,Large,Search,Morning,Desktop,45-54,0
814,3.0,Medium,Home,Morning,Mobile,18-24,0
815,1.0,Medium,Search,Night,Mobile,35-44,0
816,1.0,Small,Article,Morning,Mobile,18-24,0
817,1.0,Medium,Search,Morning,Desktop,25-34,0
818,3.0,Large,Product,Evening,Mobile,35-44,0
819,1.0,Large,Search,Afternoon,Mobile,55+,0
820,3.0,Small,Search,Afternoon,Tablet,18-24,0
821,2.0,Small,Product,Night,Desktop,18-24,0
822,1.0,Small,Home,Morning,Desktop,18-24,1
823,1.0,Large,Home,Morning,Mobile,55+,0
824,2.0,Large,Home,Evening,Tablet,55+,0
825,1.0,Medium,Product,Morning,Mobile,45-54,0
826,3.0,Medium,Article,Afternoon,Mobile,35-44,0
827,4.0,Medium,Search,Night,Mobile,25-34,0
828,4.0,Small,Search,Evening,Mobile,45-54,0
829,1.0,Medium,Product,Night,Desktop,45-54,0
830,1.0,Medium,Article,Night,Tablet,35-44,0
831,1.0,Large,Article,Evening,Tablet,18-24,0
832,3.0,Medium,Search,Evening,Desktop,55+,0
833,4.0,Small,Article,Afternoon,Tablet,45-54,0
834,1.0,Small,Home,Morning,Mobile,45-54,0
835,3.0,Small,Product,Evening,Mobile,35-44,0
836,2.0,Medium,Home,Morning,Desktop,45-54,0
837,1.0,Medium,Product,Morning,Tablet,55+,0
838,1.0,Medium,Product,Evening,Tablet,45-54,0
839,1.0,Small,Search,Evening,Tablet,45-54,0
840,3.0,Medium,Search,Evening,Tablet,25-34,0
841,2.0,Large,Product,Morning,Mobile,55+,0
842,4.0,Small,Home,Night,Tablet,55+,0
843,4.0,Small,Search,Afternoon,Tablet,25-34,0
844,4.0,Medium,Article,Evening,Mobile,25-34,0
845,2.0,Medium,Product,Afternoon,Tablet,18-24,0
846,4.0,Medium,Search,Night,Mobile,35-44,0
847,1.0,Medium,Article,Afternoon,Desktop,55+,0
848,1.0,Large,Home,Morning,Mobile,55+,0
849,2.0,Medium,Product,Night,Mobile,25-34,0
850,1.0,Large,Article,Morning,Mobile,45-54,0
851,4.0,Large,Product,Morning,Mobile,18-24,0
852,2.0,Medium,Home,Morning,Desktop,55+,0
853,2.0,Large,Article,Night,Desktop,25-34,0
854,3.0,Large,Article,Afternoon,Desktop,18-24,0
855,1.0,Large,Search,Afternoon,Desktop,55+,0
856,1.0,Medium,Article,Evening,Desktop,45-54,0
857,1.0,Large,Product,Morning,Mobile,35-44,0
858,3.0,Medium,Home,Morning,Mobile,35-44,0
859,3.0,Small,Search,Afternoon,Tablet,45-54,0
860,4.0,Small,Home,Morning,Desktop,35-44,0
861,3.0,Small,Product,Night,Tablet,55+,0
862,3.0,Small,Article,Morning,Mobile,35-44,0
863,4.0,Small,Search,Night,Mobile,35-44,0
864,2.0,Medium,Search,Evening,Desktop,25-34,0
865,3.0,Medium,Product,Evening,Mobile,55+,0
866,3.0,Medium,Home,Afternoon,Tablet,55+,0
867,2.0,Large,Search,Afternoon,Mobile,45-54,1
868,4.0,Small,Search,Morning,Mobile,35-44,0
869,2.0,Small,Article,Evening,Tablet,18-24,0
870,1.0,Medium,Product,Evening,Desktop,55+,0
871,1.0,Medium,Search,Morning,Tablet,55+,0
872,1.0,Small,Home,Evening,Desktop,18-24,0
873,4.0,Medium,Search,Evening,Desktop,55+,0
874,2.0,Small,Product,Afternoon,Desktop,45-54,0
875,4.0,Large,Product,Evening,Mobile,35-44,0
876,1.0,Large,Article,Afternoon,Tablet,45-54,0
877,2.0,Large,Search,Morning,Mobile,35-44,0
878,2.0,Large,Home,Afternoon,Tablet,45-54,0
879,2.0,Small,Article,Evening,Mobile,45-54,0
880,,Medium,Search,Morning,Desktop,35-44,0
881,4.0,Small,Product,Evening,Tablet,25-34,0
882,1.0,Small,Product,Evening,Tablet,55+,0
883,,Medium,Article,Night,Tablet,55+,0
884,4.0,Small,Home,Afternoon,Mobile,35-44,0
885,1.0,Small,Article,Morning,Desktop,18-24,0
886,4.0,Large,Article,Afternoon,Tablet,25-34,0
887,3.0,Small,Product,Afternoon,Desktop,55+,0
888,3.0,Large,Article,Evening,Mobile,55+,0
889,3.0,Small,Article,Afternoon,Tablet,55+,0
890,1.0,Medium,Product,Afternoon,Mobile,55+,0
891,4.0,Small,Home,Morning,Mobile,25-34,0
892,2.0,Medium,Article,Evening,Tablet,45-54,0
893,1.0,Large,Home,Morning,Mobile,35-44,0
894,2.0,Large,Article,Afternoon,Tablet,45-54,0
895,2.0,Large,Product,Evening,Mobile,35-44,0
896,2.0,Small,Search,Night,Mobile,18-24,0
897,3.0,Medium,Search,Afternoon,Tablet,45-54,0
898,4.0,Large,Search,Afternoon,Desktop,25-34,0
899,2.0,Medium,Home,Morning,Mobile,18-24,0
900,2.0,Large,Article,Night,Desktop,18-24,0
901,,Small,Product,Evening,Mobile,55+,0
902,3.0,Small,Home,Evening,Desktop,55+,0
903,2.0,Small,Home,Afternoon,Desktop,55+,0
904,3.0,Small,Article,Morning,Tablet,35-44,0
905,2.0,Small,Search,Night,Desktop,55+,0
906,1.0,Large,Search,Afternoon,Mobile,45-54,0
907,1.0,Small,Product,Morning,Desktop,18-24,0
908,4.0,Small,Search,Afternoon,Mobile,45-54,0
909,4.0,Large,Search,Afternoon,Tablet,35-44,0
910,4.0,Small,Product,Evening,Tablet,35-44,0
911,3.0,Medium,Article,Morning,Mobile,55+,0
912,2.0,Small,Product,Evening,Tablet,18-24,0
913,1.0,Large,Article,Evening,Mobile,35-44,0
914,,Large,Search,Night,Desktop,25-34,0
915,2.0,Large,Home,Night,Desktop,18-24,1
916,4.0,Medium,Article,Evening,Mobile,35-44,0
917,1.0,Small,Home,Afternoon,Desktop,35-44,0
918,3.0,Small,Product,Evening,Tablet,45-54,0
919,1.0,Medium,Article,Night,Mobile,55+,0
920,2.0,Medium,Article,Night,Desktop,25-34,0
921,2.0,Medium,Search,Night,Desktop,45-54,0
922,4.0,Small,Article,Night,Tablet,55+,0
923,2.0,Medium,Search,Evening,Mobile,18-24,0
924,1.0,Medium,Home,Afternoon,Tablet,25-34,0
925,1.0,Small,Home,Afternoon,Desktop,35-44,0
926,1.0,Small,Home,Afternoon,Desktop,25-34,0
927,1.0,Small,Article,Evening,Mobile,18-24,0
928,3.0,Medium,Search,Morning,Mobile,35-44,0
929,2.0,Small,Article,Afternoon,Desktop,25-34,0
930,4.0,Small,Article,Morning,Mobile,45-54,0
931,3.0,Medium,Article,Afternoon,Mobile,25-34,0
932,1.0,Medium,Product,Night,Tablet,35-44,0
933,,Large,Search,Evening,Desktop,45-54,0
934,1.0,Medium,Search,Evening,Mobile,45-54,0
935,4.0,Small,Product,Afternoon,Desktop,45-54,0
936,4.0,Medium,Article,Afternoon,Desktop,18-24,0
937,1.0,Large,Home,Night,Mobile,25-34,0
938,1.0,Small,Search,Night,Mobile,18-24,0
939,2.0,Large,Home,Night,Mobile,55+,0
940,2.0,Medium,Product,Night,Tablet,45-54,0
941,3.0,Medium,Article,Afternoon,Mobile,35-44,0
942,1.0,Medium,Article,Night,Tablet,45-54,0
943,1.0,Small,Home,Afternoon,Tablet,35-44,0
944,4.0,Medium,Product,Afternoon,Mobile,55+,0
945,3.0,Small,Home,Evening,Mobile,25-34,0
946,3.0,Small,Article,Evening,Mobile,55+,0
947,1.0,Small,Home,Afternoon,Desktop,35-44,0
948,4.0,Small,Product,Afternoon,Desktop,18-24,0
949,3.0,Medium,Product,Afternoon,Desktop,45-54,0
950,2.0,Large,Article,Evening,Tablet,35-44,0
951,2.0,Medium,Article,Afternoon,Mobile,18-24,0
952,1.0,Large,Article,Evening,Tablet,55+,0
953,1.0,Large,Search,Night,Desktop,35-44,0
954,1.0,Medium,Search,Evening,Desktop,55+,0
955,4.0,Large,Home,Morning,Tablet,45-54,0
956,1.0,Small,Article,Afternoon,Mobile,45-54,0
957,3.0,Medium,Article,Night,Mobile,18-24,0
958,3.0,Medium,Home,Afternoon,Desktop,18-24,0
959,2.0,Small,Search,Afternoon,Tablet,45-54,0
960,4.0,Small,Product,Evening,Tablet,25-34,0
961,2.0,Small,Home,Afternoon,Desktop,45-54,0
962,2.0,Medium,Product,Evening,Desktop,35-44,0
963,2.0,Medium,Product,Morning,Desktop,55+,0
964,4.0,Large,Search,Afternoon,Tablet,45-54,0
965,2.0,Large,Product,Afternoon,Desktop,35-44,0
966,4.0,Large,Search,Evening,Desktop,35-44,0
967,2.0,Medium,Home,Afternoon,Desktop,35-44,0
968,2.0,Large,Home,Evening,Mobile,55+,0
969,3.0,Small,Search,Evening,Mobile,35-44,0
970,2.0,Medium,Product,Morning,Tablet,55+,0
971,3.0,Large,Article,Morning,Tablet,18-24,0
972,4.0,Medium,Product,Afternoon,Desktop,18-24,0
973,3.0,Large,Home,Night,Mobile,45-54,0
974,2.0,Medium,Product,Evening,Mobile,55+,0
975,3.0,Small,Product,Evening,Desktop,18-24,0
976,1.0,Small,Article,Evening,Mobile,35-44,0
977,4.0,Medium,Article,Night,Tablet,18-24,0
978,2.0,Medium,Product,Night,Desktop,25-34,0
979,1.0,Small,Product,Evening,Mobile,35-44,0
980,1.0,Medium,Product,Evening,Mobile,55+,0
981,4.0,Small,Product,Morning,Desktop,25-34,0
982,3.0,Large,Home,Evening,Mobile,18-24,0
983,2.0,Large,Search,Morning,Tablet,55+,0
984,4.0,Small,Search,Afternoon,Tablet,18-24,0
985,1.0,Small,Home,Afternoon,Mobile,35-44,0
986,4.0,Small,Home,Morning,Desktop,18-24,0
987,2.0,Small,Article,Evening,Desktop,18-24,0
988,4.0,Small,Product,Evening,Desktop,55+,1
989,2.0,Medium,Article,Afternoon,Tablet,45-54,0
990,1.0,Small,Home,Afternoon,Tablet,35-44,0
991,1.0,Medium,Article,Night,Mobile,18-24,0
992,4.0,Large,Article,Afternoon,Tablet,55+,0
993,2.0,Large,Product,Evening,Desktop,35-44,0
994,2.0,Large,Article,Night,Mobile,45-54,0
995,2.0,Medium,Home,Afternoon,Tablet,25-34,0
996,4.0,Small,Search,Morning,Desktop,35-44,0
997,3.0,Small,Product,Evening,Tablet,25-34,0
998,3.0,Large,Article,Morning,Desktop,25-34,0
999,2.0,Large,Product,Night,Desktop,35-44,0
1000,2.0,Large,Search,Afternoon,Mobile,55+,0
